"timestamp","device_id","sensor_name","pm1","pm25","pm10","co","co2","temperature","humidity","voc_index","nox_index","aq_status","location_name","latitude","longitude"
"2026-03-07T21:54:50.905Z","Confirm-Online-05","Device e-05","8.00","16.00","24.00","0.12","440.00","24.80","47.00","100.00","1.00","Good","Nairobi-Verification","-1.28330000","36.81670000"
"2026-03-07T21:40:36.892Z","Manual-CURL-Test-02","Device t-02","5.00","10.00","15.00","0.10","410.00","24.00","48.00","100.00","1.00","Good","Testing-Site","-1.28330000","36.81670000"
"2026-03-07T21:21:43.794Z","868428040514113","Device 4113","37.00","51.00","62.00","0.65","1043.00","27.40","60.90","100.00","1.00","Moderate","Hardware-Reported","0.00000000","0.00000000"
"2026-03-07T21:20:44.081Z","868428040514113","Device 4113","37.00","51.00","62.00","0.00","1043.00","27.40","61.00","100.00","1.00","Moderate","Hardware-Reported","0.00000000","0.00000000"
"2026-03-07T21:19:43.942Z","868428040514113","Device 4113","37.00","51.00","62.00","0.65","1043.00","27.40","61.10","100.00","1.00","Moderate","Hardware-Reported","0.00000000","0.00000000"
"2026-03-07T21:19:20.128Z","curl-test-99","Device t-99","10.00","20.00","30.00","0.10","400.00","25.00","50.00","100.00","1.00","Good","Nairobi-Test","-1.28330000","36.81670000"
"2026-03-07T21:18:43.642Z","868428040514113","Device 4113","37.00","51.00","62.00","0.00","1043.00","27.30","61.20","100.00","1.00","Moderate","Hardware-Reported","0.00000000","0.00000000"
"2026-03-07T21:17:50.678Z","868428040514113","Device 4113","37.00","51.00","62.00","0.00","1043.00","27.30","61.00","100.00","1.00","Moderate","Hardware-Reported","0.00000000","0.00000000"
"2026-03-07T21:16:43.392Z","868428040514113","Device 4113","37.00","51.00","62.00","0.00","1043.00","27.40","60.90","100.00","1.00","Moderate","Hardware-Reported","0.00000000","0.00000000"
"2026-03-07T21:15:43.514Z","868428040514113","Device 4113","37.00","51.00","62.00","0.00","1043.00","27.40","61.00","100.00","1.00","Moderate","Hardware-Reported","0.00000000","0.00000000"
"2026-03-07T21:14:43.350Z","868428040514113","Device 4113","37.00","51.00","62.00","0.00","1043.00","27.40","61.00","100.00","1.00","Moderate","Hardware-Reported","0.00000000","0.00000000"
"2026-03-07T21:13:43.478Z","868428040514113","Device 4113","37.00","51.00","62.00","0.00","1043.00","27.30","61.00","100.00","1.00","Moderate","Hardware-Reported","0.00000000","0.00000000"
"2026-03-07T21:12:42.928Z","868428040514113","Device 4113","37.00","51.00","62.00","0.00","1043.00","27.30","61.10","100.00","1.00","Moderate","Hardware-Reported","0.00000000","0.00000000"
"2026-03-07T21:11:43.286Z","868428040514113","Device 4113","37.00","51.00","62.00","0.00","1043.00","27.30","61.10","100.00","1.00","Moderate","Hardware-Reported","0.00000000","0.00000000"
"2026-03-07T21:10:42.690Z","868428040514113","Device 4113","37.00","51.00","62.00","0.00","1043.00","27.30","61.00","100.00","1.00","Moderate","Hardware-Reported","0.00000000","0.00000000"
"2026-03-07T21:09:42.745Z","868428040514113","Device 4113","37.00","51.00","62.00","0.00","1043.00","27.30","60.90","100.00","1.00","Moderate","Hardware-Reported","0.00000000","0.00000000"
"2026-03-07T21:08:42.881Z","868428040514113","Device 4113","37.00","51.00","62.00","0.00","1043.00","27.40","60.80","100.00","1.00","Moderate","Hardware-Reported","0.00000000","0.00000000"
"2026-03-07T21:07:43.180Z","868428040514113","Device 4113","37.00","51.00","62.00","0.00","1043.00","27.50","60.70","100.00","1.00","Moderate","Hardware-Reported","0.00000000","0.00000000"
"2026-03-07T21:06:42.256Z","868428040514113","Device 4113","37.00","51.00","62.00","0.00","1043.00","27.50","60.70","100.00","1.00","Moderate","Hardware-Reported","0.00000000","0.00000000"
"2026-03-07T21:05:42.349Z","868428040514113","Device 4113","37.00","51.00","62.00","0.00","1043.00","27.60","60.60","100.00","1.00","Moderate","Hardware-Reported","0.00000000","0.00000000"
"2026-03-07T21:04:42.147Z","868428040514113","Device 4113","37.00","51.00","62.00","0.00","1043.00","27.50","60.70","100.00","1.00","Moderate","Hardware-Reported","0.00000000","0.00000000"
"2026-03-07T21:03:42.341Z","868428040514113","Device 4113","37.00","51.00","62.00","0.00","1043.00","27.50","60.50","100.00","1.00","Moderate","Hardware-Reported","0.00000000","0.00000000"
"2026-03-07T21:02:42.021Z","868428040514113","Device 4113","37.00","51.00","62.00","0.00","1043.00","27.60","60.50","100.00","1.00","Moderate","Hardware-Reported","0.00000000","0.00000000"
"2026-03-07T21:01:41.907Z","868428040514113","Device 4113","37.00","51.00","62.00","0.00","1043.00","27.60","60.60","100.00","1.00","Moderate","Hardware-Reported","0.00000000","0.00000000"
"2026-03-07T21:00:42.003Z","868428040514113","Device 4113","37.00","51.00","62.00","0.00","1043.00","27.60","60.50","100.00","1.00","Moderate","Hardware-Reported","0.00000000","0.00000000"
"2026-03-07T20:59:46.758Z","868428040514113","Device 4113","37.00","51.00","62.00","0.00","1043.00","27.60","60.50","100.00","1.00","Moderate","Hardware-Reported","0.00000000","0.00000000"
"2026-03-07T20:58:41.576Z","868428040514113","Device 4113","37.00","51.00","62.00","0.00","1043.00","27.60","60.50","100.00","1.00","Moderate","Hardware-Reported","0.00000000","0.00000000"
"2026-03-07T20:57:41.293Z","868428040514113","Device 4113","37.00","51.00","62.00","0.65","1043.00","27.60","60.60","100.00","1.00","Moderate","Hardware-Reported","0.00000000","0.00000000"
"2026-03-07T20:56:41.435Z","868428040514113","Device 4113","37.00","51.00","62.00","0.65","1043.00","27.60","60.60","100.00","1.00","Moderate","Hardware-Reported","0.00000000","0.00000000"
"2026-03-07T20:55:41.009Z","868428040514113","Device 4113","37.00","51.00","62.00","0.00","1043.00","27.60","60.50","100.00","1.00","Moderate","Hardware-Reported","0.00000000","0.00000000"
"2026-03-07T20:54:41.073Z","868428040514113","Device 4113","37.00","51.00","62.00","0.65","1043.00","27.60","60.50","100.00","1.00","Moderate","Hardware-Reported","0.00000000","0.00000000"
"2026-03-07T20:53:40.930Z","868428040514113","Device 4113","37.00","51.00","62.00","0.65","1043.00","27.60","60.60","100.00","1.00","Moderate","Hardware-Reported","0.00000000","0.00000000"
"2026-03-07T20:52:40.925Z","868428040514113","Device 4113","37.00","51.00","62.00","0.65","1043.00","27.60","60.50","100.00","1.00","Moderate","Hardware-Reported","0.00000000","0.00000000"
"2026-03-07T20:51:41.016Z","868428040514113","Device 4113","37.00","51.00","62.00","0.65","1043.00","27.60","60.50","100.00","1.00","Moderate","Hardware-Reported","0.00000000","0.00000000"
"2026-03-07T20:50:40.806Z","868428040514113","Device 4113","37.00","51.00","62.00","0.65","1043.00","27.50","60.70","100.00","1.00","Moderate","Hardware-Reported","0.00000000","0.00000000"
"2026-03-07T20:49:41.097Z","868428040514113","Device 4113","37.00","51.00","62.00","0.65","1043.00","27.60","60.60","100.00","1.00","Moderate","Hardware-Reported","0.00000000","0.00000000"
"2026-03-07T20:48:40.277Z","868428040514113","Device 4113","37.00","51.00","62.00","0.65","1043.00","27.50","60.70","100.00","1.00","Moderate","Hardware-Reported","0.00000000","0.00000000"
"2026-03-07T20:47:40.170Z","868428040514113","Device 4113","37.00","51.00","62.00","0.65","1043.00","27.50","60.70","100.00","1.00","Moderate","Hardware-Reported","0.00000000","0.00000000"
"2026-03-07T20:46:40.065Z","868428040514113","Device 4113","37.00","51.00","62.00","0.00","1043.00","27.50","60.80","100.00","1.00","Moderate","Hardware-Reported","0.00000000","0.00000000"
"2026-03-07T20:45:40.471Z","868428040514113","Device 4113","37.00","51.00","62.00","0.65","1043.00","27.50","60.80","100.00","1.00","Moderate","Hardware-Reported","0.00000000","0.00000000"
"2026-03-07T20:44:40.566Z","868428040514113","Device 4113","37.00","51.00","62.00","0.65","1043.00","27.50","60.80","100.00","1.00","Moderate","Hardware-Reported","0.00000000","0.00000000"
"2026-03-07T20:43:42.269Z","868428040514113","Device 4113","37.00","51.00","62.00","0.00","1043.00","27.50","60.70","100.00","1.00","Moderate","Hardware-Reported","0.00000000","0.00000000"
"2026-03-07T20:42:39.834Z","868428040514113","Device 4113","37.00","51.00","62.00","0.00","1043.00","27.50","60.80","100.00","1.00","Moderate","Hardware-Reported","0.00000000","0.00000000"
"2026-03-07T20:41:40.340Z","868428040514113","Device 4113","37.00","51.00","62.00","0.00","1043.00","27.50","60.70","100.00","1.00","Moderate","Hardware-Reported","0.00000000","0.00000000"
"2026-03-07T20:40:39.442Z","868428040514113","Device 4113","37.00","51.00","62.00","0.00","1043.00","27.50","60.80","100.00","1.00","Moderate","Hardware-Reported","0.00000000","0.00000000"
"2026-03-07T20:39:39.537Z","868428040514113","Device 4113","37.00","51.00","62.00","0.00","1043.00","27.50","60.70","100.00","1.00","Moderate","Hardware-Reported","0.00000000","0.00000000"
"2026-03-07T20:38:39.287Z","868428040514113","Device 4113","37.00","51.00","62.00","0.00","1043.00","27.50","60.80","100.00","1.00","Moderate","Hardware-Reported","0.00000000","0.00000000"
"2026-03-07T20:37:49.851Z","868428040514113","Device 4113",,"45.00","90.00","2.50",,,,,,"Danger","Hardware-Reported","0.00000000","0.00000000"
"2026-03-07T20:37:49.840Z","868428040514113","Device 4113",,"45.00","90.00","0.90",,,,,,"Warning","Hardware-Reported","0.00000000","0.00000000"
"2026-03-07T20:37:49.831Z","868428040514113","Device 4113",,"45.00","60.00","0.90",,,,,,"Moderate","Hardware-Reported","0.00000000","0.00000000"
"2026-03-07T20:37:49.819Z","868428040514113","Device 4113",,"10.00","20.00","0.10",,,,,,"Good","Hardware-Reported","0.00000000","0.00000000"
"2026-03-07T20:37:39.671Z","868428040514113","Device 4113","37.00","51.00","62.00","0.00","1043.00","27.50","60.70","100.00","1.00","Moderate","Hardware-Reported","0.00000000","0.00000000"
"2026-03-07T20:36:39.383Z","868428040514113","Device 4113","37.00","51.00","62.00","0.00","1043.00","27.50","60.80","100.00","1.00","Good","Hardware-Reported","0.00000000","0.00000000"
"2026-03-07T20:35:39.214Z","868428040514113","Device 4113","37.00","51.00","62.00","0.00","1043.00","27.50","60.70","100.00","1.00","Good","Hardware-Reported","0.00000000","0.00000000"
"2026-03-07T20:34:38.755Z","868428040514113","Device 4113","37.00","51.00","62.00","0.00","1043.00","27.50","60.50","100.00","1.00","Good","Hardware-Reported","0.00000000","0.00000000"
"2026-03-07T20:33:39.174Z","868428040514113","Device 4113","37.00","51.00","62.00","0.00","1043.00","27.60","60.70","100.00","1.00","Good","Hardware-Reported","0.00000000","0.00000000"
"2026-03-07T20:32:38.897Z","868428040514113","Device 4113","37.00","51.00","62.00","0.00","1043.00","27.50","60.70","100.00","1.00","Good","Hardware-Reported","0.00000000","0.00000000"
"2026-03-07T20:32:02.038Z","868428040514113","Device 4113","38.00","52.00","63.00","0.12","1050.00","27.50","62.00","105.00","2.00","Good","Hardware-Reported","0.00000000","0.00000000"