ID,Timestamp (UTC),Device ID,PM1,PM2.5,PM10,CO,CO2,Temperature,Humidity,VOC Index,NOx Index,Latitude,Longitude
312,2026-03-08 12:25:17,868428040514113,26.0,36.0,42.0,3.87,-1.0,31.6,53.2,100.0,1.0,-1.2833,36.8167
311,2026-03-08 12:25:07,868428040514113,26.0,36.0,42.0,3.87,-1.0,31.6,53.2,100.0,1.0,-1.2833,36.8167
310,2026-03-08 12:24:57,868428040514113,26.0,36.0,42.0,3.87,-1.0,31.6,53.2,100.0,1.0,-1.2833,36.8167
309,2026-03-08 12:24:47,868428040514113,26.0,36.0,42.0,3.87,-1.0,31.6,53.2,100.0,1.0,-1.2833,36.8167
308,2026-03-08 12:24:36,868428040514113,26.0,36.0,42.0,3.87,-1.0,31.6,53.2,100.0,1.0,-1.2833,36.8167
307,2026-03-08 12:24:26,868428040514113,26.0,36.0,42.0,3.87,-1.0,31.6,53.2,100.0,1.0,-1.2833,36.8167
306,2026-03-08 12:24:16,868428040514113,26.0,36.0,42.0,3.87,-1.0,31.6,53.2,100.0,1.0,-1.2833,36.8167
305,2026-03-08 12:24:06,868428040514113,26.0,36.0,42.0,3.87,-1.0,31.6,53.2,100.0,1.0,-1.2833,36.8167
304,2026-03-08 12:23:55,868428040514113,26.0,36.0,42.0,3.87,-1.0,31.6,53.2,100.0,1.0,-1.2833,36.8167
303,2026-03-08 12:23:45,868428040514113,26.0,36.0,42.0,3.87,-1.0,31.6,53.2,100.0,1.0,-1.2833,36.8167
302,2026-03-08 12:23:35,868428040514113,26.0,36.0,42.0,3.87,-1.0,31.6,53.2,100.0,1.0,-1.2833,36.8167
301,2026-03-08 12:23:25,868428040514113,26.0,36.0,42.0,3.87,-1.0,31.6,53.2,100.0,1.0,-1.2833,36.8167
300,2026-03-08 12:23:15,868428040514113,26.0,36.0,42.0,3.87,-1.0,31.6,53.2,100.0,1.0,-1.2833,36.8167
299,2026-03-08 12:23:05,868428040514113,26.0,36.0,42.0,3.87,-1.0,31.6,53.2,100.0,1.0,-1.2833,36.8167
298,2026-03-08 12:22:55,868428040514113,26.0,36.0,42.0,3.87,-1.0,31.6,53.2,100.0,1.0,-1.2833,36.8167
297,2026-03-08 12:18:37,868428040514113,26.0,36.0,42.0,4.52,-1.0,31.6,53.3,100.0,1.0,-1.2833,36.8167
296,2026-03-08 12:18:36,868428040514113,26.0,36.0,42.0,3.87,-1.0,31.5,53.2,100.0,1.0,-1.2833,36.8167
295,2026-03-08 12:18:28,868428040514113,26.0,36.0,42.0,4.52,-1.0,31.6,53.3,100.0,1.0,-1.2833,36.8167
294,2026-03-08 12:18:18,868428040514113,26.0,36.0,42.0,3.87,-1.0,31.5,53.2,100.0,1.0,-1.2833,36.8167
293,2026-03-08 12:18:08,868428040514113,26.0,36.0,42.0,4.52,-1.0,31.6,53.3,100.0,1.0,-1.2833,36.8167
292,2026-03-08 12:17:58,868428040514113,26.0,36.0,42.0,3.87,-1.0,31.5,53.2,100.0,1.0,-1.2833,36.8167
291,2026-03-08 12:17:48,868428040514113,26.0,36.0,42.0,3.87,-1.0,31.5,53.2,100.0,1.0,-1.2833,36.8167
290,2026-03-08 12:17:38,868428040514113,26.0,36.0,42.0,3.87,-1.0,31.5,53.2,100.0,1.0,-1.2833,36.8167
289,2026-03-08 12:17:28,868428040514113,26.0,36.0,42.0,3.87,-1.0,31.5,53.2,100.0,1.0,-1.2833,36.8167
288,2026-03-08 12:17:17,868428040514113,26.0,36.0,42.0,3.87,-1.0,31.5,53.2,100.0,1.0,-1.2833,36.8167
287,2026-03-08 12:17:07,868428040514113,26.0,36.0,42.0,3.87,-1.0,31.5,53.2,100.0,1.0,-1.2833,36.8167
286,2026-03-08 12:16:57,868428040514113,26.0,36.0,42.0,3.87,-1.0,31.5,53.2,100.0,1.0,-1.2833,36.8167
285,2026-03-08 12:16:47,868428040514113,26.0,36.0,42.0,3.87,-1.0,31.5,53.2,100.0,1.0,-1.2833,36.8167
284,2026-03-08 12:16:37,868428040514113,26.0,36.0,42.0,3.87,-1.0,31.5,53.2,100.0,1.0,-1.2833,36.8167
283,2026-03-08 12:16:27,868428040514113,26.0,36.0,42.0,3.87,-1.0,31.5,53.2,100.0,1.0,-1.2833,36.8167
282,2026-03-08 12:16:17,868428040514113,26.0,36.0,42.0,3.87,-1.0,31.5,53.2,100.0,1.0,-1.2833,36.8167
281,2026-03-08 12:16:07,868428040514113,26.0,36.0,42.0,3.87,-1.0,31.5,53.2,100.0,1.0,-1.2833,36.8167
280,2026-03-08 12:15:57,868428040514113,26.0,36.0,42.0,3.87,-1.0,31.5,53.2,100.0,1.0,-1.2833,36.8167
279,2026-03-08 12:15:47,868428040514113,26.0,36.0,42.0,3.87,-1.0,31.5,53.2,100.0,1.0,-1.2833,36.8167
278,2026-03-08 12:15:37,868428040514113,26.0,36.0,42.0,3.87,-1.0,31.5,53.2,100.0,1.0,-1.2833,36.8167
277,2026-03-08 12:15:26,868428040514113,26.0,36.0,42.0,3.87,-1.0,31.5,53.2,100.0,1.0,-1.2833,36.8167
276,2026-03-08 12:15:16,868428040514113,26.0,36.0,42.0,3.87,-1.0,31.5,53.2,100.0,1.0,-1.2833,36.8167
275,2026-03-08 12:15:06,868428040514113,26.0,36.0,42.0,3.87,-1.0,31.5,53.2,100.0,1.0,-1.2833,36.8167
274,2026-03-08 12:14:56,868428040514113,26.0,36.0,42.0,3.87,-1.0,31.5,53.2,100.0,1.0,-1.2833,36.8167
273,2026-03-08 12:14:46,868428040514113,26.0,36.0,42.0,3.87,-1.0,31.5,53.2,100.0,1.0,-1.2833,36.8167
272,2026-03-08 12:14:36,868428040514113,26.0,36.0,42.0,3.87,-1.0,31.5,53.2,100.0,1.0,-1.2833,36.8167
271,2026-03-08 12:14:25,868428040514113,26.0,36.0,42.0,3.87,-1.0,31.5,53.2,100.0,1.0,-1.2833,36.8167
270,2026-03-08 12:14:15,868428040514113,26.0,36.0,42.0,3.87,-1.0,31.5,53.2,100.0,1.0,-1.2833,36.8167
269,2026-03-08 12:14:05,868428040514113,26.0,36.0,42.0,3.87,-1.0,31.5,53.2,100.0,1.0,-1.2833,36.8167
268,2026-03-08 12:13:55,868428040514113,26.0,36.0,42.0,3.87,-1.0,31.5,53.2,100.0,1.0,-1.2833,36.8167
267,2026-03-08 12:13:45,868428040514113,26.0,36.0,42.0,3.87,-1.0,31.5,53.2,100.0,1.0,-1.2833,36.8167
266,2026-03-08 12:13:35,868428040514113,26.0,36.0,42.0,3.87,-1.0,31.5,53.2,100.0,1.0,-1.2833,36.8167
265,2026-03-08 12:13:25,868428040514113,26.0,36.0,42.0,3.87,-1.0,31.5,53.2,100.0,1.0,-1.2833,36.8167
264,2026-03-08 12:13:14,868428040514113,26.0,36.0,42.0,3.87,-1.0,31.5,53.2,100.0,1.0,-1.2833,36.8167
263,2026-03-08 12:13:04,868428040514113,26.0,36.0,42.0,3.87,-1.0,31.5,53.2,100.0,1.0,-1.2833,36.8167
262,2026-03-08 12:12:54,868428040514113,26.0,36.0,42.0,3.87,-1.0,31.5,53.2,100.0,1.0,-1.2833,36.8167
261,2026-03-08 12:07:53,868428040514113,26.0,36.0,42.0,3.87,-1.0,31.7,53.1,100.0,1.0,-1.2833,36.8167
260,2026-03-08 12:02:53,868428040514113,26.0,36.0,42.0,3.23,-1.0,31.6,53.4,100.0,1.0,-1.2833,36.8167
259,2026-03-08 11:57:52,868428040514113,26.0,36.0,42.0,3.23,-1.0,31.5,53.3,100.0,1.0,-1.2833,36.8167
258,2026-03-08 11:52:52,868428040514113,26.0,36.0,42.0,3.87,-1.0,31.6,53.2,100.0,1.0,-1.2833,36.8167
257,2026-03-08 11:47:51,868428040514113,26.0,36.0,42.0,4.52,-1.0,31.5,53.0,100.0,1.0,-1.2833,36.8167
256,2026-03-08 11:42:51,868428040514113,26.0,36.0,42.0,4.52,-1.0,31.3,52.2,100.0,1.0,-1.2833,36.8167
255,2026-03-08 11:37:51,868428040514113,26.0,36.0,42.0,3.87,-1.0,31.2,51.9,100.0,1.0,-1.2833,36.8167
254,2026-03-08 11:32:50,868428040514113,26.0,36.0,42.0,3.87,-1.0,31.0,51.7,100.0,1.0,-1.2833,36.8167
253,2026-03-08 11:27:50,868428040514113,26.0,36.0,42.0,3.87,-1.0,30.8,51.7,100.0,1.0,-1.2833,36.8167
252,2026-03-08 11:22:49,868428040514113,26.0,36.0,42.0,3.87,-1.0,30.8,51.8,100.0,1.0,-1.2833,36.8167
251,2026-03-08 11:17:49,868428040514113,26.0,36.0,42.0,3.87,-1.0,30.7,52.0,100.0,1.0,-1.2833,36.8167
250,2026-03-08 11:12:49,868428040514113,26.0,36.0,42.0,3.87,-1.0,30.6,52.0,100.0,1.0,-1.2833,36.8167
249,2026-03-08 11:07:49,868428040514113,26.0,36.0,42.0,3.23,-1.0,30.6,52.1,100.0,1.0,-1.2833,36.8167
248,2026-03-08 11:02:48,868428040514113,26.0,36.0,42.0,3.87,-1.0,30.6,52.0,100.0,1.0,-1.2833,36.8167
247,2026-03-08 10:57:48,868428040514113,26.0,36.0,42.0,3.87,-1.0,30.6,52.1,100.0,1.0,-1.2833,36.8167
246,2026-03-08 10:52:47,868428040514113,26.0,36.0,42.0,3.23,-1.0,30.5,52.1,100.0,1.0,-1.2833,36.8167
245,2026-03-08 10:47:47,868428040514113,26.0,36.0,42.0,3.23,-1.0,30.5,52.1,100.0,1.0,-1.2833,36.8167
244,2026-03-08 10:42:47,868428040514113,26.0,36.0,42.0,3.23,-1.0,30.5,52.1,100.0,1.0,-1.2833,36.8167
243,2026-03-08 10:37:47,868428040514113,26.0,36.0,42.0,3.23,-1.0,30.5,52.2,100.0,1.0,-1.2833,36.8167
242,2026-03-08 10:32:46,868428040514113,26.0,36.0,42.0,3.23,-1.0,30.4,52.4,100.0,1.0,-1.2833,36.8167
241,2026-03-08 10:27:46,868428040514113,26.0,36.0,42.0,3.23,-1.0,30.5,52.3,100.0,1.0,-1.2833,36.8167
240,2026-03-08 10:22:45,868428040514113,26.0,36.0,42.0,3.87,-1.0,30.4,52.4,100.0,1.0,-1.2833,36.8167
239,2026-03-08 10:17:45,868428040514113,26.0,36.0,42.0,3.87,-1.0,30.4,52.4,100.0,1.0,-1.2833,36.8167
238,2026-03-08 10:12:45,868428040514113,26.0,36.0,42.0,3.23,-1.0,30.5,52.3,100.0,1.0,-1.2833,36.8167
237,2026-03-08 10:07:44,868428040514113,26.0,36.0,42.0,3.23,-1.0,30.4,52.4,100.0,1.0,-1.2833,36.8167
236,2026-03-08 10:02:44,868428040514113,26.0,36.0,42.0,3.23,-1.0,30.4,52.5,100.0,1.0,-1.2833,36.8167
235,2026-03-08 09:57:43,868428040514113,26.0,36.0,42.0,3.23,-1.0,30.5,52.3,100.0,1.0,-1.2833,36.8167
234,2026-03-08 09:52:43,868428040514113,26.0,36.0,42.0,3.87,-1.0,30.5,52.4,100.0,1.0,-1.2833,36.8167
233,2026-03-08 09:47:43,868428040514113,26.0,36.0,42.0,3.87,-1.0,30.5,52.4,100.0,1.0,-1.2833,36.8167
232,2026-03-08 09:42:42,868428040514113,26.0,36.0,42.0,3.87,-1.0,30.5,52.5,100.0,1.0,-1.2833,36.8167
231,2026-03-08 09:37:42,868428040514113,26.0,36.0,42.0,3.23,-1.0,30.5,52.6,100.0,1.0,-1.2833,36.8167
230,2026-03-08 09:32:42,868428040514113,26.0,36.0,42.0,3.23,-1.0,30.5,52.6,100.0,1.0,-1.2833,36.8167
229,2026-03-08 09:27:41,868428040514113,26.0,36.0,42.0,3.23,-1.0,30.5,52.6,100.0,1.0,-1.2833,36.8167
228,2026-03-08 09:22:41,868428040514113,26.0,36.0,42.0,3.23,-1.0,30.4,52.8,100.0,1.0,-1.2833,36.8167
227,2026-03-08 09:17:40,868428040514113,26.0,36.0,42.0,3.87,-1.0,30.4,52.8,100.0,1.0,-1.2833,36.8167
226,2026-03-08 09:12:40,868428040514113,26.0,36.0,42.0,3.23,-1.0,30.4,52.9,100.0,1.0,-1.2833,36.8167
225,2026-03-08 09:07:39,868428040514113,26.0,36.0,42.0,3.87,-1.0,30.4,52.9,100.0,1.0,-1.2833,36.8167
224,2026-03-08 09:02:38,868428040514113,26.0,36.0,42.0,3.23,-1.0,30.4,52.9,100.0,1.0,-1.2833,36.8167
223,2026-03-08 08:57:38,868428040514113,26.0,36.0,42.0,3.23,-1.0,30.3,52.9,100.0,1.0,-1.2833,36.8167
222,2026-03-08 08:52:37,868428040514113,26.0,36.0,42.0,3.87,-1.0,30.3,52.9,100.0,1.0,-1.2833,36.8167
221,2026-03-08 08:47:37,868428040514113,26.0,36.0,42.0,3.23,-1.0,30.4,52.9,100.0,1.0,-1.2833,36.8167
220,2026-03-08 08:42:37,868428040514113,26.0,36.0,42.0,3.23,-1.0,30.3,53.0,100.0,1.0,-1.2833,36.8167
219,2026-03-08 08:37:36,868428040514113,26.0,36.0,42.0,3.87,-1.0,30.3,53.0,100.0,1.0,-1.2833,36.8167
218,2026-03-08 08:32:37,868428040514113,23.0,35.0,42.0,3.87,-1.0,30.4,53.1,100.0,1.0,-1.2833,36.8167
217,2026-03-08 08:27:36,868428040514113,23.0,35.0,42.0,3.23,-1.0,30.3,53.3,100.0,1.0,-1.2833,36.8167
216,2026-03-08 08:22:36,868428040514113,23.0,35.0,42.0,3.23,-1.0,30.3,53.3,100.0,1.0,-1.2833,36.8167
215,2026-03-08 08:17:35,868428040514113,23.0,35.0,42.0,3.23,1085.0,30.2,53.4,100.0,1.0,-1.2833,36.8167
214,2026-03-08 08:12:34,868428040514113,23.0,35.0,42.0,3.87,1170.0,30.2,53.5,100.0,1.0,-1.2833,36.8167
213,2026-03-08 08:07:34,868428040514113,23.0,35.0,42.0,3.87,1210.0,30.2,53.6,100.0,1.0,-1.2833,36.8167
212,2026-03-08 08:02:34,868428040514113,23.0,35.0,42.0,3.87,1108.0,30.3,53.5,100.0,1.0,-1.2833,36.8167
211,2026-03-08 07:57:34,868428040514113,23.0,35.0,42.0,3.23,1219.0,30.3,53.3,100.0,1.0,-1.2833,36.8167
210,2026-03-08 07:52:33,868428040514113,23.0,35.0,42.0,3.23,1194.0,30.4,53.3,100.0,1.0,-1.2833,36.8167
209,2026-03-08 07:47:33,868428040514113,23.0,35.0,42.0,3.23,1079.0,30.5,53.1,100.0,1.0,-1.2833,36.8167
208,2026-03-08 07:41:18,868428040514113,23.0,36.0,42.0,0.0,971.0,30.2,53.7,100.0,1.0,-1.2833,36.8167
207,2026-03-08 07:40:45,868428040514113,23.0,36.0,42.0,0.0,1464.0,30.3,53.6,100.0,1.0,-1.2833,36.8167
206,2026-03-08 07:40:13,868428040514113,23.0,36.0,42.0,0.0,1141.0,30.3,53.5,100.0,1.0,-1.2833,36.8167
205,2026-03-08 07:39:40,868428040514113,23.0,36.0,42.0,0.0,947.0,30.2,53.6,100.0,1.0,-1.2833,36.8167
204,2026-03-08 07:39:08,868428040514113,23.0,36.0,42.0,0.0,-1.0,30.3,53.5,100.0,1.0,-1.2833,36.8167
203,2026-03-08 07:38:36,868428040514113,23.0,36.0,42.0,0.0,-1.0,30.2,53.6,100.0,1.0,-1.2833,36.8167
202,2026-03-08 07:38:03,868428040514113,23.0,36.0,42.0,0.0,-1.0,30.2,53.5,100.0,1.0,-1.2833,36.8167
201,2026-03-08 07:37:31,868428040514113,23.0,36.0,42.0,0.65,-1.0,30.2,53.4,100.0,1.0,-1.2833,36.8167
200,2026-03-08 07:36:59,868428040514113,23.0,36.0,42.0,1.94,-1.0,30.2,53.4,100.0,1.0,-1.2833,36.8167
199,2026-03-08 07:22:00,868428040514113,26.0,39.0,46.0,1.29,1105.0,30.3,54.9,100.0,1.0,0.0,0.0
198,2026-03-08 07:07:21,http-test,,10.0,,,400.0,25.0,50.0,,,,
197,2026-03-08 07:03:40,curl-test-upload-check,12.0,28.0,35.0,0.15,520.0,26.5,55.0,110.0,5.0,-1.2833,36.8167
196,2026-03-08 06:52:01,868428040514113,32.0,47.0,57.0,0.65,1201.0,29.9,57.1,100.0,1.0,0.0,0.0
195,2026-03-07 23:55:37,TEST_WEBHOOK,,15.5,30.2,,400.0,25.5,60.0,,,-1.2921,36.8219
194,2026-03-07 23:31:09,868428040514113,0.0,0.0,0.0,1.29,0.0,28.1,62.6,100.0,1.0,0.0,0.0
193,2026-03-07 23:30:09,868428040514113,0.0,0.0,0.0,1.29,0.0,28.1,62.6,100.0,1.0,0.0,0.0
192,2026-03-07 23:29:09,868428040514113,0.0,0.0,0.0,1.29,0.0,28.1,62.8,100.0,1.0,0.0,0.0
191,2026-03-07 23:28:10,868428040514113,0.0,0.0,0.0,1.29,0.0,28.0,63.0,100.0,1.0,0.0,0.0
190,2026-03-07 23:27:09,868428040514113,0.0,0.0,0.0,1.94,0.0,28.0,63.0,100.0,1.0,0.0,0.0
189,2026-03-07 23:26:09,868428040514113,0.0,0.0,0.0,1.29,0.0,28.0,63.0,100.0,1.0,0.0,0.0
188,2026-03-07 23:25:09,868428040514113,0.0,0.0,0.0,1.29,0.0,28.0,63.1,100.0,1.0,0.0,0.0
187,2026-03-07 23:24:09,868428040514113,0.0,0.0,0.0,1.29,0.0,28.0,63.3,100.0,1.0,0.0,0.0
186,2026-03-07 23:23:09,868428040514113,0.0,0.0,0.0,0.65,0.0,28.0,63.5,100.0,1.0,0.0,0.0
185,2026-03-07 23:22:09,868428040514113,0.0,0.0,0.0,1.29,0.0,27.9,63.6,100.0,1.0,0.0,0.0
184,2026-03-07 23:21:08,868428040514113,0.0,0.0,0.0,1.29,0.0,27.9,63.8,100.0,1.0,0.0,0.0
183,2026-03-07 23:20:08,868428040514113,0.0,0.0,0.0,1.29,0.0,27.8,64.1,100.0,1.0,0.0,0.0
182,2026-03-07 23:19:08,868428040514113,0.0,0.0,0.0,1.29,0.0,27.7,64.4,100.0,1.0,0.0,0.0
181,2026-03-07 23:18:08,868428040514113,0.0,0.0,0.0,1.29,0.0,27.6,64.7,100.0,1.0,0.0,0.0
180,2026-03-07 23:17:08,868428040514113,0.0,0.0,0.0,1.29,0.0,27.6,65.0,100.0,1.0,0.0,0.0
179,2026-03-07 23:16:08,868428040514113,0.0,0.0,0.0,1.29,0.0,27.4,65.4,100.0,1.0,0.0,0.0
178,2026-03-07 23:15:08,868428040514113,0.0,0.0,0.0,1.29,0.0,27.4,65.6,100.0,1.0,0.0,0.0
177,2026-03-07 23:14:07,868428040514113,0.0,0.0,0.0,1.29,0.0,27.2,65.7,100.0,1.0,0.0,0.0
176,2026-03-07 23:13:08,868428040514113,0.0,0.0,0.0,1.94,0.0,27.2,65.7,100.0,1.0,0.0,0.0
175,2026-03-07 23:12:07,868428040514113,0.0,0.0,0.0,1.29,0.0,27.2,65.5,100.0,1.0,0.0,0.0
174,2026-03-07 23:11:07,868428040514113,0.0,0.0,0.0,1.29,0.0,27.2,65.4,100.0,1.0,0.0,0.0
173,2026-03-07 21:54:49,Confirm-Online-05,8.0,16.0,24.0,0.12,440.0,24.8,47.0,100.0,1.0,,
172,2026-03-07 21:51:13,Manual-CURL-Test-04,2.0,4.0,6.0,0.05,430.0,23.0,45.0,100.0,1.0,,
171,2026-03-07 21:41:11,Manual-CURL-Test-03,7.0,14.0,21.0,0.1,420.0,24.5,49.0,100.0,1.0,,
170,2026-03-07 21:40:35,Manual-CURL-Test-02,5.0,10.0,15.0,0.1,410.0,24.0,48.0,100.0,1.0,,
169,2026-03-07 21:21:42,868428040514113,37.0,51.0,62.0,0.65,1043.0,27.4,60.9,100.0,1.0,,
168,2026-03-07 21:20:42,868428040514113,37.0,51.0,62.0,0.0,1043.0,27.4,61.0,100.0,1.0,,
167,2026-03-07 21:19:42,868428040514113,37.0,51.0,62.0,0.65,1043.0,27.4,61.1,100.0,1.0,,
166,2026-03-07 21:19:18,curl-test-99,10.0,20.0,30.0,0.1,400.0,25.0,50.0,100.0,1.0,,
165,2026-03-07 21:18:42,868428040514113,37.0,51.0,62.0,0.0,1043.0,27.3,61.2,100.0,1.0,,
164,2026-03-07 21:17:49,868428040514113,37.0,51.0,62.0,0.0,1043.0,27.3,61.0,100.0,1.0,,
163,2026-03-07 21:16:41,868428040514113,37.0,51.0,62.0,0.0,1043.0,27.4,60.9,100.0,1.0,,
162,2026-03-07 21:15:42,868428040514113,37.0,51.0,62.0,0.0,1043.0,27.4,61.0,100.0,1.0,,
161,2026-03-07 21:14:41,868428040514113,37.0,51.0,62.0,0.0,1043.0,27.4,61.0,100.0,1.0,,
160,2026-03-07 21:13:41,868428040514113,37.0,51.0,62.0,0.0,1043.0,27.3,61.0,100.0,1.0,,
159,2026-03-07 21:12:41,868428040514113,37.0,51.0,62.0,0.0,1043.0,27.3,61.1,100.0,1.0,,
158,2026-03-07 21:11:41,868428040514113,37.0,51.0,62.0,0.0,1043.0,27.3,61.1,100.0,1.0,,
157,2026-03-07 21:10:41,868428040514113,37.0,51.0,62.0,0.0,1043.0,27.3,61.0,100.0,1.0,,
156,2026-03-07 21:09:41,868428040514113,37.0,51.0,62.0,0.0,1043.0,27.3,60.9,100.0,1.0,,
155,2026-03-07 21:08:41,868428040514113,37.0,51.0,62.0,0.0,1043.0,27.4,60.8,100.0,1.0,,
154,2026-03-07 21:07:41,868428040514113,37.0,51.0,62.0,0.0,1043.0,27.5,60.7,100.0,1.0,,
153,2026-03-07 21:06:40,868428040514113,37.0,51.0,62.0,0.0,1043.0,27.5,60.7,100.0,1.0,,
152,2026-03-07 21:05:40,868428040514113,37.0,51.0,62.0,0.0,1043.0,27.6,60.6,100.0,1.0,,
151,2026-03-07 21:04:40,868428040514113,37.0,51.0,62.0,0.0,1043.0,27.5,60.7,100.0,1.0,,
150,2026-03-07 21:03:40,868428040514113,37.0,51.0,62.0,0.0,1043.0,27.5,60.5,100.0,1.0,,
149,2026-03-07 21:02:40,868428040514113,37.0,51.0,62.0,0.0,1043.0,27.6,60.5,100.0,1.0,,
148,2026-03-07 21:01:40,868428040514113,37.0,51.0,62.0,0.0,1043.0,27.6,60.6,100.0,1.0,,
147,2026-03-07 21:00:40,868428040514113,37.0,51.0,62.0,0.0,1043.0,27.6,60.5,100.0,1.0,,
146,2026-03-07 20:59:45,868428040514113,37.0,51.0,62.0,0.0,1043.0,27.6,60.5,100.0,1.0,,
145,2026-03-07 20:58:40,868428040514113,37.0,51.0,62.0,0.0,1043.0,27.6,60.5,100.0,1.0,,
144,2026-03-07 20:57:39,868428040514113,37.0,51.0,62.0,0.65,1043.0,27.6,60.6,100.0,1.0,,
143,2026-03-07 20:56:39,868428040514113,37.0,51.0,62.0,0.65,1043.0,27.6,60.6,100.0,1.0,,
142,2026-03-07 20:55:39,868428040514113,37.0,51.0,62.0,0.0,1043.0,27.6,60.5,100.0,1.0,,
141,2026-03-07 20:54:39,868428040514113,37.0,51.0,62.0,0.65,1043.0,27.6,60.5,100.0,1.0,,
140,2026-03-07 20:53:39,868428040514113,37.0,51.0,62.0,0.65,1043.0,27.6,60.6,100.0,1.0,,
139,2026-03-07 20:52:39,868428040514113,37.0,51.0,62.0,0.65,1043.0,27.6,60.5,100.0,1.0,,
138,2026-03-07 20:51:39,868428040514113,37.0,51.0,62.0,0.65,1043.0,27.6,60.5,100.0,1.0,,
137,2026-03-07 20:50:39,868428040514113,37.0,51.0,62.0,0.65,1043.0,27.5,60.7,100.0,1.0,,
136,2026-03-07 20:49:39,868428040514113,37.0,51.0,62.0,0.65,1043.0,27.6,60.6,100.0,1.0,,
135,2026-03-07 20:48:38,868428040514113,37.0,51.0,62.0,0.65,1043.0,27.5,60.7,100.0,1.0,,
134,2026-03-07 20:47:38,868428040514113,37.0,51.0,62.0,0.65,1043.0,27.5,60.7,100.0,1.0,,
133,2026-03-07 20:46:38,868428040514113,37.0,51.0,62.0,0.0,1043.0,27.5,60.8,100.0,1.0,,
132,2026-03-07 20:45:38,868428040514113,37.0,51.0,62.0,0.65,1043.0,27.5,60.8,100.0,1.0,,
131,2026-03-07 20:44:39,868428040514113,37.0,51.0,62.0,0.65,1043.0,27.5,60.8,100.0,1.0,,
130,2026-03-07 20:43:40,868428040514113,37.0,51.0,62.0,0.0,1043.0,27.5,60.7,100.0,1.0,,
129,2026-03-07 20:42:38,868428040514113,37.0,51.0,62.0,0.0,1043.0,27.5,60.8,100.0,1.0,,
128,2026-03-07 20:41:38,868428040514113,37.0,51.0,62.0,0.0,1043.0,27.5,60.7,100.0,1.0,,
127,2026-03-07 20:40:37,868428040514113,37.0,51.0,62.0,0.0,1043.0,27.5,60.8,100.0,1.0,,
126,2026-03-07 20:39:38,868428040514113,37.0,51.0,62.0,0.0,1043.0,27.5,60.7,100.0,1.0,,
125,2026-03-07 20:38:37,868428040514113,37.0,51.0,62.0,0.0,1043.0,27.5,60.8,100.0,1.0,,
124,2026-03-07 20:37:38,868428040514113,37.0,51.0,62.0,0.0,1043.0,27.5,60.7,100.0,1.0,,
123,2026-03-07 20:36:37,868428040514113,37.0,51.0,62.0,0.0,1043.0,27.5,60.8,100.0,1.0,,
122,2026-03-07 20:35:37,868428040514113,37.0,51.0,62.0,0.0,1043.0,27.5,60.7,100.0,1.0,,
121,2026-03-07 20:34:37,868428040514113,37.0,51.0,62.0,0.0,1043.0,27.5,60.5,100.0,1.0,,
120,2026-03-07 20:33:37,868428040514113,37.0,51.0,62.0,0.0,1043.0,27.6,60.7,100.0,1.0,,
119,2026-03-07 20:32:37,868428040514113,37.0,51.0,62.0,0.0,1043.0,27.5,60.7,100.0,1.0,,
118,2026-03-07 20:31:37,868428040514113,37.0,51.0,62.0,0.0,1043.0,27.6,60.7,100.0,1.0,,
117,2026-03-07 20:30:36,868428040514113,37.0,51.0,62.0,0.0,1043.0,27.5,60.7,100.0,1.0,,
116,2026-03-07 20:29:39,868428040514113,37.0,51.0,62.0,0.0,1043.0,27.5,60.7,100.0,1.0,,
115,2026-03-07 20:28:36,868428040514113,37.0,51.0,62.0,0.0,1043.0,27.5,60.7,100.0,1.0,,
114,2026-03-07 20:27:36,868428040514113,37.0,51.0,62.0,0.0,1043.0,27.5,60.9,100.0,1.0,,
113,2026-03-07 20:26:36,868428040514113,37.0,51.0,62.0,0.0,1043.0,27.5,60.9,100.0,1.0,,
112,2026-03-07 20:25:36,868428040514113,37.0,51.0,62.0,0.0,1043.0,27.4,61.0,100.0,1.0,,
111,2026-03-07 20:24:36,868428040514113,37.0,51.0,62.0,0.0,1043.0,27.4,60.9,100.0,1.0,,
110,2026-03-07 20:23:36,868428040514113,37.0,51.0,62.0,0.0,1043.0,27.4,60.9,100.0,1.0,,
109,2026-03-07 20:22:35,868428040514113,37.0,51.0,62.0,0.65,1043.0,27.5,60.8,100.0,1.0,,
108,2026-03-07 20:21:36,868428040514113,37.0,51.0,62.0,0.0,1043.0,27.4,60.9,100.0,1.0,,
107,2026-03-07 20:20:37,868428040514113,37.0,51.0,62.0,0.0,1043.0,27.4,60.9,100.0,1.0,,
106,2026-03-07 20:19:35,868428040514113,37.0,51.0,62.0,0.0,1043.0,27.5,60.6,100.0,1.0,,
105,2026-03-07 20:18:35,868428040514113,37.0,51.0,62.0,0.0,1043.0,27.5,60.6,100.0,1.0,,
104,2026-03-07 20:17:36,868428040514113,37.0,51.0,62.0,0.65,1043.0,27.5,60.6,100.0,1.0,,
103,2026-03-07 20:16:35,868428040514113,37.0,51.0,62.0,0.0,1043.0,27.5,60.6,100.0,1.0,,
102,2026-03-07 20:15:35,868428040514113,37.0,51.0,62.0,0.0,1043.0,27.6,60.6,100.0,1.0,,
101,2026-03-07 20:14:35,868428040514113,37.0,51.0,62.0,0.0,1043.0,27.5,60.7,100.0,1.0,,
100,2026-03-07 20:13:34,868428040514113,37.0,51.0,62.0,0.0,1043.0,27.5,60.7,100.0,1.0,,
99,2026-03-07 20:12:34,868428040514113,37.0,51.0,62.0,0.0,1043.0,27.5,60.6,100.0,1.0,,
98,2026-03-07 20:11:34,868428040514113,37.0,51.0,62.0,0.0,1043.0,27.5,60.7,100.0,1.0,,
97,2026-03-07 20:10:34,868428040514113,37.0,51.0,62.0,0.0,1043.0,27.5,60.4,100.0,1.0,,
96,2026-03-07 20:09:35,868428040514113,37.0,51.0,62.0,0.0,1043.0,27.6,60.6,100.0,1.0,,
95,2026-03-07 20:08:34,868428040514113,37.0,51.0,62.0,0.0,1043.0,27.5,60.7,100.0,1.0,,
94,2026-03-07 20:07:34,868428040514113,37.0,51.0,62.0,0.0,1043.0,27.6,60.5,100.0,1.0,,
93,2026-03-07 20:06:34,868428040514113,37.0,51.0,62.0,0.0,1043.0,27.6,60.6,100.0,1.0,,
92,2026-03-07 20:05:34,868428040514113,37.0,51.0,62.0,0.0,1043.0,27.6,60.6,100.0,1.0,,
91,2026-03-07 20:04:34,868428040514113,37.0,51.0,62.0,0.0,1043.0,27.6,60.6,100.0,1.0,,
90,2026-03-07 20:03:34,868428040514113,37.0,51.0,62.0,0.0,1043.0,27.6,60.6,100.0,1.0,,
89,2026-03-07 20:02:33,868428040514113,37.0,51.0,62.0,0.0,1013.0,27.6,60.7,100.0,1.0,,
88,2026-03-07 20:01:33,868428040514113,37.0,51.0,62.0,0.0,1093.0,27.5,60.6,100.0,1.0,,
87,2026-03-07 20:00:34,868428040514113,37.0,51.0,62.0,0.0,1055.0,27.5,60.7,100.0,1.0,,
86,2026-03-07 19:59:35,868428040514113,37.0,51.0,62.0,0.0,993.0,27.6,60.7,100.0,1.0,,
85,2026-03-07 19:58:34,868428040514113,37.0,51.0,62.0,0.0,967.0,27.5,60.8,100.0,1.0,,
84,2026-03-07 19:57:33,868428040514113,37.0,51.0,62.0,0.0,991.0,27.5,60.8,100.0,1.0,,
83,2026-03-07 19:56:34,868428040514113,37.0,51.0,62.0,0.0,1028.0,27.5,60.7,100.0,1.0,,
82,2026-03-07 19:55:33,868428040514113,37.0,51.0,62.0,0.0,1095.0,27.5,60.7,100.0,1.0,,
81,2026-03-07 19:54:33,868428040514113,37.0,51.0,62.0,0.0,1041.0,27.5,60.7,100.0,1.0,,
80,2026-03-07 19:53:33,868428040514113,37.0,51.0,62.0,0.0,997.0,27.5,60.8,100.0,1.0,,
79,2026-03-07 19:52:33,868428040514113,37.0,51.0,62.0,0.0,1031.0,27.5,60.8,100.0,1.0,,
78,2026-03-07 19:51:33,868428040514113,37.0,51.0,62.0,0.0,1038.0,27.5,60.8,100.0,1.0,,
77,2026-03-07 19:50:33,868428040514113,37.0,51.0,62.0,0.0,997.0,27.5,60.7,100.0,1.0,,
76,2026-03-07 19:49:32,868428040514113,37.0,51.0,62.0,0.0,979.0,27.5,60.7,100.0,1.0,,
75,2026-03-07 19:48:32,868428040514113,37.0,51.0,62.0,0.0,955.0,27.5,60.7,100.0,1.0,,
74,2026-03-07 19:47:32,868428040514113,37.0,51.0,62.0,0.0,1004.0,27.5,60.7,100.0,1.0,,
73,2026-03-07 19:46:32,868428040514113,37.0,51.0,62.0,0.0,988.0,27.5,60.7,100.0,1.0,,
72,2026-03-07 19:45:32,868428040514113,37.0,51.0,62.0,0.0,1024.0,27.6,60.7,100.0,1.0,,
71,2026-03-07 19:44:32,868428040514113,37.0,51.0,62.0,0.0,978.0,27.5,60.8,100.0,1.0,,
70,2026-03-07 19:43:33,868428040514113,37.0,51.0,62.0,0.0,985.0,27.5,60.8,100.0,1.0,,
69,2026-03-07 19:42:32,868428040514113,37.0,51.0,62.0,0.0,983.0,27.6,60.8,100.0,1.0,,
68,2026-03-07 19:41:31,868428040514113,37.0,51.0,62.0,0.0,985.0,27.5,60.8,100.0,1.0,,
67,2026-03-07 19:40:31,868428040514113,37.0,51.0,62.0,0.0,989.0,27.5,60.7,100.0,1.0,,
66,2026-03-07 19:39:31,868428040514113,37.0,51.0,62.0,0.0,989.0,27.5,60.7,100.0,1.0,,
65,2026-03-07 19:38:32,868428040514113,37.0,51.0,62.0,0.0,988.0,27.6,60.9,100.0,1.0,,
64,2026-03-07 19:37:31,868428040514113,37.0,51.0,62.0,0.0,983.0,27.5,60.7,100.0,1.0,,
63,2026-03-07 19:36:31,868428040514113,37.0,51.0,62.0,0.0,997.0,27.5,60.9,100.0,1.0,,
62,2026-03-07 19:35:31,868428040514113,37.0,51.0,62.0,0.0,970.0,27.4,61.0,100.0,1.0,,
61,2026-03-07 19:34:31,868428040514113,37.0,51.0,62.0,0.0,982.0,27.4,60.9,100.0,1.0,,
60,2026-03-07 19:33:31,868428040514113,37.0,51.0,62.0,0.0,979.0,27.4,61.0,100.0,1.0,,
59,2026-03-07 19:32:31,868428040514113,37.0,51.0,62.0,0.0,961.0,27.4,61.0,100.0,1.0,,
58,2026-03-07 19:31:30,868428040514113,37.0,51.0,62.0,0.0,966.0,27.4,60.9,100.0,1.0,,
57,2026-03-07 19:30:30,868428040514113,37.0,51.0,62.0,0.0,974.0,27.4,61.0,100.0,1.0,,
56,2026-03-07 19:29:30,868428040514113,37.0,51.0,62.0,0.0,968.0,27.4,60.8,100.0,1.0,,
55,2026-03-07 19:28:31,868428040514113,37.0,51.0,62.0,0.0,996.0,27.4,60.6,100.0,1.0,,
54,2026-03-07 19:27:30,868428040514113,37.0,51.0,62.0,0.0,930.0,27.6,60.6,100.0,1.0,,
53,2026-03-07 19:26:30,868428040514113,37.0,51.0,62.0,0.65,955.0,27.6,60.7,100.0,1.0,,
52,2026-03-07 19:25:30,868428040514113,37.0,51.0,62.0,0.0,934.0,27.6,60.6,100.0,1.0,,
51,2026-03-07 19:24:30,868428040514113,37.0,51.0,62.0,0.65,0.0,27.6,60.7,100.0,1.0,,
50,2026-03-07 19:23:29,868428040514113,37.0,51.0,62.0,0.65,0.0,27.6,60.6,100.0,1.0,,
49,2026-03-07 19:22:30,868428040514113,37.0,51.0,62.0,0.0,0.0,27.6,60.7,100.0,1.0,,
48,2026-03-07 19:20:31,868428040514113,37.0,52.0,63.0,0.65,945.0,27.6,60.8,100.0,1.0,,
47,2026-03-07 19:19:31,868428040514113,37.0,52.0,63.0,0.0,966.0,27.5,60.9,100.0,1.0,,
46,2026-03-07 19:18:30,868428040514113,37.0,52.0,63.0,0.0,938.0,27.5,60.8,100.0,1.0,,
45,2026-03-07 19:17:29,868428040514113,37.0,52.0,63.0,0.0,959.0,27.5,60.9,100.0,1.0,,
44,2026-03-07 19:16:30,868428040514113,37.0,52.0,63.0,0.65,940.0,27.5,60.9,100.0,1.0,,
43,2026-03-07 19:15:29,868428040514113,37.0,52.0,63.0,0.65,928.0,27.5,60.9,100.0,1.0,,
42,2026-03-07 19:14:29,868428040514113,37.0,52.0,63.0,0.65,958.0,27.5,60.7,100.0,1.0,,
41,2026-03-07 19:13:29,868428040514113,37.0,52.0,63.0,0.0,960.0,27.5,60.7,100.0,1.0,,
40,2026-03-07 19:12:29,868428040514113,37.0,52.0,63.0,0.0,964.0,27.6,60.5,100.0,1.0,,
39,2026-03-07 19:11:29,868428040514113,37.0,52.0,63.0,0.65,954.0,27.6,60.7,100.0,1.0,,
38,2026-03-07 19:10:29,868428040514113,37.0,52.0,63.0,0.65,971.0,27.5,60.6,100.0,1.0,,
37,2026-03-07 19:09:29,868428040514113,37.0,52.0,63.0,0.65,961.0,27.6,60.9,100.0,1.0,,
36,2026-03-07 19:08:28,868428040514113,37.0,52.0,63.0,0.65,981.0,27.5,60.8,100.0,1.0,,
35,2026-03-07 19:07:29,868428040514113,37.0,52.0,63.0,0.65,954.0,27.5,60.9,100.0,1.0,,
34,2026-03-07 19:06:28,868428040514113,37.0,52.0,63.0,0.0,926.0,27.5,61.0,100.0,1.0,,
33,2026-03-07 19:05:28,868428040514113,37.0,52.0,63.0,0.65,958.0,27.4,61.1,100.0,1.0,,
32,2026-03-07 19:04:30,868428040514113,37.0,52.0,63.0,0.65,927.0,27.5,61.1,100.0,1.0,,
31,2026-03-07 19:03:28,868428040514113,37.0,52.0,63.0,0.65,939.0,27.5,61.3,100.0,1.0,,
30,2026-03-07 19:02:29,868428040514113,37.0,52.0,63.0,0.65,957.0,27.4,61.4,100.0,1.0,,
29,2026-03-07 19:01:29,868428040514113,37.0,52.0,63.0,0.65,964.0,27.4,61.4,100.0,1.0,,
28,2026-03-07 19:00:30,868428040514113,37.0,52.0,63.0,0.0,939.0,27.4,61.5,100.0,1.0,,
27,2026-03-07 18:59:28,868428040514113,37.0,52.0,63.0,0.65,935.0,27.3,61.4,100.0,1.0,,
26,2026-03-07 18:58:28,868428040514113,37.0,52.0,63.0,0.0,968.0,27.3,61.4,100.0,1.0,,
25,2026-03-07 18:57:28,868428040514113,37.0,52.0,63.0,0.65,919.0,27.3,61.4,100.0,1.0,,
24,2026-03-07 18:56:28,868428040514113,37.0,52.0,63.0,0.0,940.0,27.3,61.4,100.0,1.0,,
23,2026-03-07 18:55:28,868428040514113,37.0,52.0,63.0,0.0,0.0,27.3,61.5,100.0,1.0,,
22,2026-03-07 18:54:28,868428040514113,37.0,52.0,63.0,0.0,0.0,27.3,61.4,100.0,1.0,,
21,2026-03-07 18:52:03,868428040514113,38.0,53.0,66.0,0.65,0.0,27.3,61.5,100.0,1.0,,
20,2026-03-07 18:43:27,868428040514113,39.0,52.0,63.0,0.0,-1.0,27.2,61.8,100.0,1.0,,
19,2026-03-07 18:42:27,868428040514113,39.0,52.0,63.0,0.0,-1.0,27.2,61.9,100.0,1.0,,
18,2026-03-07 18:40:04,868428040514113,38.0,51.0,63.0,0.0,-1.0,27.2,62.0,100.0,1.0,,
17,2026-03-07 18:39:04,868428040514113,38.0,51.0,63.0,0.0,-1.0,27.1,62.1,100.0,1.0,,
16,2026-03-07 18:38:09,868428040514113,38.0,51.0,63.0,0.0,-1.0,27.2,62.0,100.0,1.0,,
15,2026-03-07 18:37:03,868428040514113,38.0,51.0,63.0,0.0,-1.0,27.2,62.0,100.0,1.0,,
14,2026-03-07 18:36:02,868428040514113,38.0,51.0,63.0,0.0,923.0,27.1,62.2,100.0,1.0,,
13,2026-03-07 18:35:36,PA-Relay-Test-New,,12.2,,,,,,,,,
12,2026-03-07 18:35:02,868428040514113,38.0,51.0,63.0,0.0,903.0,27.0,62.1,100.0,1.0,,
11,2026-03-07 18:34:47,PA-Relay-Test,,11.1,,,,,,,,,
10,2026-03-07 18:34:03,868428040514113,38.0,51.0,63.0,0.0,899.0,27.1,62.0,100.0,1.0,,
9,2026-03-07 18:33:02,868428040514113,38.0,51.0,63.0,0.0,911.0,27.0,62.0,100.0,1.0,,
8,2026-03-07 18:32:02,868428040514113,38.0,51.0,63.0,0.0,890.0,27.1,61.8,100.0,1.0,,
7,2026-03-07 18:31:03,868428040514113,38.0,51.0,63.0,0.0,926.0,27.2,61.9,100.0,1.0,,
6,2026-03-07 18:30:02,868428040514113,38.0,51.0,63.0,0.0,902.0,27.2,61.7,100.0,1.0,,
5,2026-03-07 18:29:02,868428040514113,38.0,51.0,63.0,0.0,906.0,27.2,61.8,100.0,1.0,,
4,2026-03-07 18:28:02,868428040514113,38.0,51.0,63.0,0.0,-1.0,27.3,61.8,100.0,1.0,,
3,2026-03-07 18:27:02,868428040514113,38.0,51.0,63.0,0.65,-1.0,27.3,61.6,100.0,1.0,,
2,2026-03-07 18:24:54,868428040514113,37.0,53.0,65.0,0.65,-1.0,27.2,61.9,100.0,1.0,,
1,2026-03-07 18:23:54,868428040514113,37.0,53.0,65.0,0.65,-1.0,27.2,62.0,100.0,1.0,,
